Iteration,AverageReturn,StdReturn,QFunction/AverageQFunctionLoss,EpisodeLength
100,nan,0.0,nan,nan
200,nan,0.0,16.993158,nan
300,nan,0.0,11.8386345,nan
400,1.0,0.5,21.476336,376.0
500,1.0,0.5,20.71866,376.0
600,1.0,0.5,21.54793,376.0
700,1.0,0.0,10.584799,376.0
800,1.0,0.0,10.063998,376.0
900,1.0,0.0,12.64687,376.0
