Iteration,AverageReturn,StdReturn,QFunction/AverageQFunctionLoss,EpisodeLength
8000,2.7,2.3790754506740637,nan,392.63157894736844
8100,2.7,2.4140215409146624,54.203773,392.63157894736844
8200,2.7,2.4140215409146624,26.702581,392.63157894736844
8300,2.8,2.4327694808466287,23.454792,412.25
