Iteration,AverageReturn,StdReturn,QFunction/AverageQFunctionLoss,EpisodeLength
100,nan,0.0,nan,nan
200,nan,0.0,27.191185,nan
300,nan,0.0,13.149911,nan
400,2.0,1.0,18.062887,361.0
500,2.0,1.0,23.058296,361.0
600,2.0,1.0,17.992397,361.0
700,2.0,1.0,19.124474,361.0
800,1.0,0.9428090415820634,21.638191,376.5
900,1.0,0.9428090415820634,18.989311,376.5
