Iteration,AverageReturn,StdReturn,QFunction/AverageQFunctionLoss,EpisodeLength
100,nan,0.0,nan,nan
200,nan,0.0,43.303936,nan
300,2.0,1.0,33.829266,205.0
400,2.0,1.0,26.029848,205.0
500,2.0,1.0,59.45167,205.0
600,2.0,1.0,32.67809,205.0
700,2.0,1.0,25.350883,205.0
800,1.5,0.816496580927726,48.61265,386.0
900,1.5,0.816496580927726,32.631298,386.0
