Iteration,AverageReturn,StdReturn,QFunction/AverageQFunctionLoss,EpisodeLength
100,nan,0.0,nan,nan
200,nan,0.0,48.50471,nan
300,nan,0.0,77.793884,nan
400,nan,0.0,55.110912,nan
500,3.0,1.5,20.071463,432.0
600,3.0,1.5,12.142464,432.0
700,1.5,1.4142135623730951,26.762218,337.5
800,1.5,1.4142135623730951,31.398245,337.5
900,1.5,1.4142135623730951,51.095585,337.5
