Iteration,AverageReturn,StdReturn,QFunction/AverageQFunctionLoss,EpisodeLength
10000,2.2,2.1488601629701267,nan,402.7916666666667
11000,2.2,2.1149974670704186,0.006813496,391.51851851851853
