Iteration,AverageReturn,StdReturn,QFunction/AverageQFunctionLoss,EpisodeLength
100,nan,0.0,nan,nan
200,nan,0.0,93.62312,nan
300,4.0,2.0,63.03106,254.0
400,4.0,2.0,67.447235,254.0
500,4.0,1.5,36.72575,254.0
600,2.5,1.699673171197595,62.321503,254.5
700,2.5,1.699673171197595,51.56818,254.5
800,1.7,1.6393596310755,39.666668,235.33333333333334
900,1.7,1.5811388300841898,32.20457,235.33333333333334
